{
	"id": "4d510b4d-c1e3-f238-baf2-f48c0cf4782a",
	"name": "Assignment1",
	"description": "",
	"order": [
		"3175a7c2-db15-b496-569c-8704bb9fd44d",
		"001d652f-2335-4ac0-4d45-62275e78dba5",
		"cac99ca6-9cc1-10e4-1db4-7758a071653f",
		"51af47e1-da01-da4a-2770-dacff1a342f0",
		"76870cfd-1674-0a48-16e1-10841367506b"
	],
	"folders": [],
	"folders_order": [],
	"timestamp": 1642865249411,
	"owner": "19090874",
	"public": false,
	"requests": [
		{
			"id": "001d652f-2335-4ac0-4d45-62275e78dba5",
			"headers": "Content-Type: application/json\nAuthorization: Basic TWFyeToxMjM0NTY=\n",
			"headerData": [
				{
					"key": "Content-Type",
					"value": "application/json",
					"description": "",
					"enabled": true
				},
				{
					"key": "Authorization",
					"value": "Basic TWFyeToxMjM0NTY=",
					"description": "",
					"enabled": true
				}
			],
			"url": " http://localhost:9333/login",
			"queryParams": [],
			"preRequestScript": null,
			"pathVariables": {},
			"pathVariableData": [],
			"method": "GET",
			"data": null,
			"dataMode": "params",
			"version": 2,
			"tests": null,
			"currentHelper": "normal",
			"helperAttributes": {},
			"time": 1642868733372,
			"name": " http://localhost:9333/login",
			"description": "",
			"collectionId": "4d510b4d-c1e3-f238-baf2-f48c0cf4782a",
			"responses": []
		},
		{
			"id": "3175a7c2-db15-b496-569c-8704bb9fd44d",
			"headers": "Content-Type: application/json\n",
			"headerData": [
				{
					"key": "Content-Type",
					"value": "application/json",
					"description": "",
					"enabled": true
				}
			],
			"url": " http://localhost:9333/register",
			"queryParams": [],
			"pathVariables": {},
			"pathVariableData": [],
			"preRequestScript": null,
			"method": "POST",
			"collectionId": "4d510b4d-c1e3-f238-baf2-f48c0cf4782a",
			"data": [],
			"dataMode": "raw",
			"name": " http://localhost:9333/register",
			"description": "",
			"descriptionFormat": "html",
			"time": 1642866960300,
			"version": 2,
			"responses": [],
			"tests": null,
			"currentHelper": "normal",
			"helperAttributes": {},
			"rawModeData": "{\"name\":\"Happy\",\"password\":\"123456\"}"
		},
		{
			"id": "51af47e1-da01-da4a-2770-dacff1a342f0",
			"headers": "Accept: application/json\nContent-Type: application/json\nx-access-token: eyJ0eXAiOiJKV1QiLCJhbGciOiJIUzI1NiJ9.eyJpZCI6MiwiZXhwIjoxNjQyODcwNTY5fQ.5M02itCJTChgqE8I-zB3CVGxabWw0JWkGd52vdl61WY\n",
			"headerData": [
				{
					"key": "Accept",
					"value": "application/json",
					"description": "",
					"enabled": true
				},
				{
					"key": "Content-Type",
					"value": "application/json",
					"description": "",
					"enabled": true
				},
				{
					"key": "x-access-token",
					"value": "eyJ0eXAiOiJKV1QiLCJhbGciOiJIUzI1NiJ9.eyJpZCI6MiwiZXhwIjoxNjQyODcwNTY5fQ.5M02itCJTChgqE8I-zB3CVGxabWw0JWkGd52vdl61WY",
					"description": "",
					"enabled": true
				}
			],
			"url": " http://localhost:9333/user/2",
			"queryParams": [],
			"preRequestScript": null,
			"pathVariables": {},
			"pathVariableData": [],
			"method": "PUT",
			"data": [],
			"dataMode": "raw",
			"version": 2,
			"tests": null,
			"currentHelper": "normal",
			"helperAttributes": {},
			"time": 1642868784324,
			"name": " http://localhost:9333/user/3",
			"description": "",
			"collectionId": "4d510b4d-c1e3-f238-baf2-f48c0cf4782a",
			"responses": [],
			"rawModeData": "{\n\t\"admin\":True,\n}\n"
		},
		{
			"id": "76870cfd-1674-0a48-16e1-10841367506b",
			"headers": "Content-Type: application/json\nx-access-token: eyJ0eXAiOiJKV1QiLCJhbGciOiJIUzI1NiJ9.eyJpZCI6NiwiZXhwIjoxNjQyODcwMzgxfQ.J7549X76Mo7mEOIoB10gewQfxyB2u0UpIfZK3pp-saQ\n",
			"headerData": [
				{
					"key": "Content-Type",
					"value": "application/json",
					"description": "",
					"enabled": true
				},
				{
					"key": "x-access-token",
					"value": "eyJ0eXAiOiJKV1QiLCJhbGciOiJIUzI1NiJ9.eyJpZCI6NiwiZXhwIjoxNjQyODcwMzgxfQ.J7549X76Mo7mEOIoB10gewQfxyB2u0UpIfZK3pp-saQ",
					"description": "",
					"enabled": true
				}
			],
			"url": " http://localhost:9333/user/6",
			"queryParams": [],
			"pathVariables": {},
			"pathVariableData": [],
			"preRequestScript": null,
			"method": "DELETE",
			"collectionId": "4d510b4d-c1e3-f238-baf2-f48c0cf4782a",
			"data": null,
			"dataMode": "params",
			"name": " http://localhost:9333/user/6",
			"description": "",
			"descriptionFormat": "html",
			"time": 1642868639741,
			"version": 2,
			"responses": [],
			"tests": null,
			"currentHelper": "normal",
			"helperAttributes": {}
		},
		{
			"id": "cac99ca6-9cc1-10e4-1db4-7758a071653f",
			"headers": "Accept: application/json\nContent-Type: application/json\nx-access-token: eyJ0eXAiOiJKV1QiLCJhbGciOiJIUzI1NiJ9.eyJpZCI6NCwiZXhwIjoxNjQyODY5NjQzfQ.SC-PnlQXstjEuo9zbdjVE1S1nnjgfsKbI5zUCIrNcV8\n",
			"headerData": [
				{
					"key": "Accept",
					"value": "application/json",
					"description": "",
					"enabled": true
				},
				{
					"key": "Content-Type",
					"value": "application/json",
					"description": "",
					"enabled": true
				},
				{
					"key": "x-access-token",
					"value": "eyJ0eXAiOiJKV1QiLCJhbGciOiJIUzI1NiJ9.eyJpZCI6NCwiZXhwIjoxNjQyODY5NjQzfQ.SC-PnlQXstjEuo9zbdjVE1S1nnjgfsKbI5zUCIrNcV8",
					"description": "",
					"enabled": true
				}
			],
			"url": " http://localhost:9333/user",
			"queryParams": [],
			"pathVariables": {},
			"pathVariableData": [],
			"preRequestScript": null,
			"method": "GET",
			"collectionId": "4d510b4d-c1e3-f238-baf2-f48c0cf4782a",
			"data": null,
			"dataMode": "params",
			"name": " http://localhost:9333/user",
			"description": "",
			"descriptionFormat": "html",
			"time": 1642867960161,
			"version": 2,
			"responses": [],
			"tests": null,
			"currentHelper": "normal",
			"helperAttributes": {}
		}
	]
}